Parent Link, ChildLink
http://python.org/dev/peps, https://docs.python.org
http://python.org/dev/peps, https://pypi.python.org/
http://python.org/dev/peps, http://plus.google.com/+Python
http://python.org/dev/peps, http://www.facebook.com/pythonlang?fref=ts
http://python.org/dev/peps, http://twitter.com/ThePSF
http://python.org/dev/peps, http://brochure.getpython.info/
http://python.org/dev/peps, https://docs.python.org/3/license.html
http://python.org/dev/peps, https://wiki.python.org/moin/BeginnersGuide
http://python.org/dev/peps, https://devguide.python.org/
http://python.org/dev/peps, https://docs.python.org/faq/
http://python.org/dev/peps, http://wiki.python.org/moin/Languages
http://python.org/dev/peps, http://python.org/dev/peps/
